{
  "V1": {
    "mean": 0.00034626907338167515,
    "std": 0.9999923540274221,
    "min": -3.495583516386668,
    "max": 2.225587238807307
  },
  "V2": {
    "mean": -7.770236178672422e-05,
    "std": 1.0002235470146121,
    "min": -49.96657153869079,
    "max": 4.361865196721416
  },
  "V3": {
    "mean": 6.968019166285412e-05,
    "std": 0.9997812632052236,
    "min": -3.1837603416948093,
    "max": 14.125833911866232
  },
  "V4": {
    "mean": 1.3581771202738905e-05,
    "std": 0.9999148658688948,
    "min": -4.951222429093022,
    "max": 3.201535546069201
  },
  "V5": {
    "mean": -0.00010222800892063116,
    "std": 1.0003364763500238,
    "min": -9.952785617741023,
    "max": 42.716890639914205
  },
  "V6": {
    "mean": -0.000177029098121438,
    "std": 0.9996851402654824,
    "min": -21.11110792759147,
    "max": 26.168402294404643
  },
  "V7": {
    "mean": 0.0007145265191756761,
    "std": 1.008386164433688,
    "min": -4.351839315074907,
    "max": 217.873038474627
  },
  "V8": {
    "mean": -4.848481086280466e-05,
    "std": 0.9996164549390274,
    "min": -10.75634230545734,
    "max": 5.958040147327273
  },
  "V9": {
    "mean": 1.6906211756503486e-05,
    "std": 0.9995826827510735,
    "min": -3.751918738076145,
    "max": 20.270062075837107
  },
  "V10": {
    "mean": -2.811236498937645e-05,
    "std": 0.9987728497639983,
    "min": -3.163275761885778,
    "max": 31.72270910795672
  },
  "V11": {
    "mean": -0.0002731388786359556,
    "std": 1.0001243453120578,
    "min": -5.954723293982779,
    "max": 2.513484914558166
  },
  "V12": {
    "mean": 0.0006314388571713661,
    "std": 1.00034793048331,
    "min": -2.020399318328518,
    "max": 17.913556111364983
  },
  "V13": {
    "mean": 9.879609434327292e-05,
    "std": 0.9995997831400589,
    "min": -5.955226700040189,
    "max": 7.187485954748435
  },
  "V14": {
    "mean": 0.0001565031763740258,
    "std": 0.999818384057014,
    "min": -2.107337155558754,
    "max": 19.169544406102982
  },
  "V15": {
    "mean": 0.0005093373688824556,
    "std": 0.9999488180068387,
    "min": -3.8618127653411154,
    "max": 14.532202180325108
  },
  "V16": {
    "mean": -9.958838993959644e-05,
    "std": 1.000308625309902,
    "min": -2.214512888665661,
    "max": 46.6529060440468
  },
  "V17": {
    "mean": 0.0004936441833709756,
    "std": 1.001126120712476,
    "min": -2.484938386554947,
    "max": 6.994124024684426
  },
  "V18": {
    "mean": 0.00016318231772717971,
    "std": 1.0008511696270086,
    "min": -2.421015229937293,
    "max": 6.783716009168727
  },
  "V19": {
    "mean": -0.0003630059193349738,
    "std": 1.0008223652268216,
    "min": -7.80498794807604,
    "max": 3.818632515338193
  },
  "V20": {
    "mean": -0.0007195774522628805,
    "std": 1.0004247789839869,
    "min": -78.14783856605457,
    "max": 29.872812160323736
  },
  "V21": {
    "mean": -0.00019013469879698502,
    "std": 0.9991835351072795,
    "min": -19.382523087206284,
    "max": 8.087080028016498
  },
  "V22": {
    "mean": 0.00035504114860592683,
    "std": 0.9997224696988295,
    "min": -7.734798174224937,
    "max": 12.63251122579015
  },
  "V23": {
    "mean": 0.00043543191706952976,
    "std": 0.998124230700842,
    "min": -30.295450154840687,
    "max": 31.707626578253517
  },
  "V24": {
    "mean": 0.0005298919641173733,
    "std": 0.9995458106423499,
    "min": -4.067967795102357,
    "max": 12.965638661146754
  },
  "V25": {
    "mean": -0.00026362735960043943,
    "std": 0.9997244255367908,
    "min": -13.612633178980907,
    "max": 11.558176805711724
  },
  "V26": {
    "mean": -0.000147354895983474,
    "std": 0.9997877991170248,
    "min": -8.226969338778424,
    "max": 5.623285408193404
  },
  "V27": {
    "mean": -0.0005487768821967284,
    "std": 1.0029260852961537,
    "min": -10.498633077959608,
    "max": 113.23109281324442
  },
  "V28": {
    "mean": 0.001132883079042499,
    "std": 0.9974375749444784,
    "min": -39.03524318743944,
    "max": 77.25593674214326
  },
  "Amount": {
    "mean": 12041.56571599722,
    "std": 6921.316474807252,
    "min": 50.01,
    "max": 24039.93
  }
}